{
  "IcoMoonType": "selection",
  "icons": [
    {
      "icon": {
        "paths": [
          "M768 149.333h-512c-35.2 0-63.68 28.8-63.68 64l-0.32 384c0 35.2 28.8 64 64 64h512c35.2 0 64-28.8 64-64v-384c0-35.2-28.8-64-64-64zM755.2 285.333l-226.24 141.44c-10.24 6.4-23.68 6.4-33.92 0l-226.24-141.44c-8-5.12-12.8-13.76-12.8-23.040 0-21.44 23.36-34.24 41.6-23.040l214.4 134.080 214.4-134.080c18.24-11.2 41.6 1.6 41.6 23.040 0 9.28-4.8 17.92-12.8 23.040z"
        ],
        "attrs": [
          {}
        ],
        "isMulticolor": false,
        "isMulticolor2": false,
        "grid": 0,
        "tags": [
          "email-black-18dp 1"
        ],
        "colorPermutations": {
          "2552552551331502431": [
            {}
          ]
        }
      },
      "attrs": [
        {}
      ],
      "properties": {
        "order": 14,
        "id": 4,
        "name": "email-black",
        "prevSize": 32
      },
      "setIdx": 0,
      "setId": 2,
      "iconIdx": 0
    },
    {
      "icon": {
        "paths": [
          "M128 32h768c70.692 0 128 57.308 128 128v704c0 70.692-57.308 128-128 128h-768c-70.692 0-128-57.308-128-128v-704c0-70.692 57.308-128 128-128z",
          "M253.25 528.106l-4.402-4.2-66.137 62.648 233.016 222.29 489.546-467.011-65.702-62.677-423.842 403.947-162.479-154.998z"
        ],
        "attrs": [
          {
            "fill": "rgb(33, 150, 243)"
          },
          {
            "fill": "rgb(255, 255, 255)",
            "stroke": "rgb(255, 255, 255)",
            "strokeLinejoin": "miter",
            "strokeLinecap": "butt",
            "strokeMiterlimit": "4",
            "strokeWidth": 12.8
          }
        ],
        "isMulticolor": true,
        "isMulticolor2": true,
        "grid": 0,
        "tags": [
          "icon check"
        ],
        "colorPermutations": {
          "2552552551331502431": [
            {
              "f": 0
            },
            {
              "f": 1,
              "s": 1
            }
          ]
        }
      },
      "attrs": [
        {
          "fill": "rgb(33, 150, 243)"
        },
        {
          "fill": "rgb(255, 255, 255)",
          "stroke": "rgb(255, 255, 255)",
          "strokeLinejoin": "miter",
          "strokeLinecap": "butt",
          "strokeMiterlimit": "4",
          "strokeWidth": 12.8
        }
      ],
      "properties": {
        "order": 15,
        "id": 3,
        "name": "icon-check",
        "prevSize": 32
      },
      "setIdx": 0,
      "setId": 2,
      "iconIdx": 1
    },
    {
      "icon": {
        "paths": [
          "M1024 0l-1024 576 327.251 121.203 504.749-473.202-383.927 517.955 0.311 0.115-0.384-0.115v282.048l183.522-214.106 232.482 86.106 159.996-896.004z"
        ],
        "attrs": [
          {
            "fill": "rgb(255, 255, 255)"
          }
        ],
        "isMulticolor": false,
        "isMulticolor2": false,
        "grid": 0,
        "tags": [
          "icon-send"
        ],
        "colorPermutations": {
          "2552552551331502431": [
            {
              "f": 1
            }
          ]
        }
      },
      "attrs": [
        {
          "fill": "rgb(255, 255, 255)"
        }
      ],
      "properties": {
        "order": 16,
        "id": 2,
        "name": "icon-send",
        "prevSize": 32
      },
      "setIdx": 0,
      "setId": 2,
      "iconIdx": 2
    },
    {
      "icon": {
        "paths": [
          "M512 512c94.293 0 170.667-76.373 170.667-170.667s-76.373-170.667-170.667-170.667c-94.293 0-170.667 76.373-170.667 170.667s76.373 170.667 170.667 170.667zM512 597.333c-113.92 0-341.333 57.173-341.333 170.667v42.667c0 23.467 19.2 42.667 42.667 42.667h597.333c23.467 0 42.667-19.2 42.667-42.667v-42.667c0-113.493-227.413-170.667-341.333-170.667z"
        ],
        "attrs": [
          {}
        ],
        "isMulticolor": false,
        "isMulticolor2": false,
        "grid": 0,
        "tags": [
          "person-black-18dp 1"
        ],
        "colorPermutations": {
          "2552552551331502431": [
            {}
          ]
        }
      },
      "attrs": [
        {}
      ],
      "properties": {
        "order": 17,
        "id": 1,
        "name": "person-black",
        "prevSize": 32
      },
      "setIdx": 0,
      "setId": 2,
      "iconIdx": 3
    },
    {
      "icon": {
        "paths": [
          "M796.217 632.752l-104.567-11.941c-25.116-2.884-49.818 5.763-67.521 23.467l-75.75 75.753c-116.509-59.284-212.021-154.387-271.305-271.309l76.163-76.164c17.703-17.703 26.348-42.404 23.466-67.517l-11.939-103.748c-4.941-41.581-39.934-72.87-81.927-72.87h-71.223c-46.521 0-85.22 38.699-82.339 85.221 21.82 351.588 303.006 632.362 654.182 654.184 46.518 2.879 85.22-35.817 85.22-82.341v-71.219c0.41-41.586-30.879-76.578-72.459-81.516v0z"
        ],
        "attrs": [
          {}
        ],
        "isMulticolor": false,
        "isMulticolor2": false,
        "grid": 0,
        "tags": [
          "phone-black-18dp 1"
        ],
        "colorPermutations": {
          "2552552551331502431": [
            {}
          ]
        }
      },
      "attrs": [
        {}
      ],
      "properties": {
        "order": 18,
        "id": 0,
        "name": "phone-black",
        "prevSize": 32
      },
      "setIdx": 0,
      "setId": 2,
      "iconIdx": 4
    }
  ],
  "height": 1024,
  "preferences": {
    "showGlyphs": true,
    "showQuickUse": true,
    "showQuickUse2": true,
    "showSVGs": true,
    "fontPref": {
      "prefix": "icon-",
      "metadata": {
        "fontFamily": "icomoon"
      },
      "metrics": {
        "emSize": 1024,
        "baseline": 6.25,
        "whitespace": 50
      },
      "embed": false
    },
    "imagePref": {
      "prefix": "icon-",
      "png": false,
      "useClassSelector": true,
      "color": 0,
      "bgColor": 16777215,
      "classSelector": ".icon",
      "name": "icomoon",
      "height": 32,
      "columns": 16,
      "margin": 16
    },
    "historySize": 50,
    "showCodes": true,
    "gridSize": 16
  }
}